<?xml version="1.0" encoding="UTF-8"?>
<metadata>
  <idinfo>
    <citation>
      <citeinfo>
        <origin/>
        <pubdate>20080101</pubdate>
        <title>Rice, Yield Gap, 2000</title>
        <geoform>remote-sensing image</geoform>
        <pubinfo>
          <pubplace/>
          <publish>University of Minnesota. Institute on the Environment</publish>
        </pubinfo>
        <othercit>These data were retrieved from &lt;&lt;http://www.earthstat.org&gt;&gt; on December 1, 2017.</othercit>
        <onlink>http://purl.stanford.edu/yx086st8953</onlink>
        <lworkcit>
          <citeinfo>
            <title>EarthStat</title>
          </citeinfo>
        </lworkcit>
      </citeinfo>
    </citation>
    <descript>
      <abstract>This raster dataset represents the average gap (in tons per hectare) between observed yields in the year 2000 and a climate-defined potential yield compared to other farmers growing rice crops in areas of similar climate. Spatial resolution: Five minute by five minute resolution (~10 km x 10 km at equator). Temporal resolution: Year 2000 - based of average of census data between 1997-2003.</abstract>
      <purpose>EarthStat.org serves geographic data sets with the purpose of solving the grand challenge of feeding a growing global population while reducing agriculture’s impact on the environment. The data sets on EarthStat allow users to map the distribution of crops globally, analyze the impact of climate change on crop yields, understand the impacts of fertilizer and manure use and much more.</purpose>
    </descript>
    <timeperd>
      <timeinfo>
        <rngdates>
          <begdate>20000101</begdate>
          <enddate>20001231</enddate>
        </rngdates>
      </timeinfo>
      <current>ground condition</current>
    </timeperd>
    <status>
      <progress>Complete</progress>
      <update>Unknown</update>
    </status>
    <spdom>
      <bounding>
        <westbc>-180.000000</westbc>
        <eastbc>180.000000</eastbc>
        <northbc>90.000000</northbc>
        <southbc>-90.000000</southbc>
      </bounding>
    </spdom>
    <keywords>
      <theme>
        <themekt>lcsh</themekt>
        <themekey>Rice</themekey>
        <themekey>Crop yields</themekey>
        <themekey>Crops and climate</themekey>
      </theme>
      <theme>
        <themekt>ISO 19115 Topic Categories</themekt>
        <themekey>imageryBaseMapsEarthCover</themekey>
        <themekey>farming</themekey>
        <themekey>environment</themekey>
      </theme>
      <place>
        <placekt>geonames</placekt>
        <placekey>Earth (Planet)</placekey>
      </place>
    </keywords>
    <accconst>Data may be freely downloaded for research, study, or teaching, but must be cited appropriately. Re-release of the data, or incorporation of the data into a commercial product, is allowed only with explicit permission. If you would like to request permission to use EarthStat datafor another purpose, please contact us at earthstat.data@gmail.com</accconst>
    <useconst>None</useconst>
    <ptcontac>
      <cntinfo>
        <cntorgp>
          <cntorg>University of Minnesota. Institute on the Environment</cntorg>
        </cntorgp>
        <cntaddr>
          <addrtype>unknown</addrtype>
          <city>St. Paul</city>
          <state>MN</state>
          <country>US</country>
        </cntaddr>
        <cntemail>earthstat.data@gmail.com</cntemail>
      </cntinfo>
    </ptcontac>
    <datacred>Monfreda, C., N. Ramankutty, and J.A. Foley (2008), Farming the planet 2. Geographic distribution of crop areas, yields, physiological types, and net primary production in the year 2000, Global Biogrochem. Cycles, 22, GB1022, doi: 10.1029/2007/GB002947.</datacred>
    <native> Version 6.2 (Build 9200) ; Esri ArcGIS 10.4.1.5686</native>
  </idinfo>
  <spdoinfo>
    <direct>Raster</direct>
    <rastinfo>
      <rasttype>Pixel</rasttype>
      <rowcount>2160</rowcount>
      <colcount>4320</colcount>
    </rastinfo>
  </spdoinfo>
  <distinfo>
    <distrib>
      <cntinfo>
        <cntorgp>
          <cntorg>Stanford Geospatial Center</cntorg>
        </cntorgp>
        <cntaddr>
          <addrtype>mailing and physical</addrtype>
          <address>Mitchell Bldg. 2nd floor</address>
          <address>397 Panama Mall</address>
          <city>Stanford</city>
          <state>California</state>
          <postal>94305</postal>
          <country>US</country>
        </cntaddr>
        <cntvoice>650-723-2746</cntvoice>
        <cntemail>brannerlibrary@stanford.edu</cntemail>
      </cntinfo>
    </distrib>
    <distliab>See access and use constraints information.</distliab>
  </distinfo>
  <metainfo>
    <metd>20180126</metd>
    <metc>
      <cntinfo>
        <cntorgp>
          <cntorg>Stanford Geospatial Center</cntorg>
        </cntorgp>
        <cntaddr>
          <addrtype>mailing and physical</addrtype>
          <address>Mitchell Bldg. 2nd floor</address>
          <address>397 Panama Mall</address>
          <city>Stanford</city>
          <state>California</state>
          <postal>94305</postal>
          <country>US</country>
        </cntaddr>
        <cntvoice>650-723-2746</cntvoice>
        <cntemail>brannerlibrary@stanford.edu</cntemail>
      </cntinfo>
    </metc>
    <metstdn>FGDC Content Standard for Digital Geospatial Metadata</metstdn>
    <metstdv>FGDC-STD-001-1998</metstdv>
    <mettc>local time</mettc>
  </metainfo>
</metadata>
